<?xml version="1.0" encoding="UTF-8"?>
<!DOCTYPE mapper PUBLIC "-//mybatis.org//DTD Mapper 3.0//EN" "http://mybatis.org/dtd/mybatis-3-mapper.dtd">
<mapper namespace="com.bryant.mapper.OrderMapper">

    <resultMap id="getHistory" type="com.bryant.model.vo.Orders.HistoryProductOnOrders">
        <result column="original_price" property="originalPrice"/>
        <result column="sale_price" property="salePrice"/>
        <result column="oCreateTime" property="createTime"/>
        <result property="image" column="image" javaType="java.util.List" jdbcType="OTHER" typeHandler="com.baomidou.mybatisplus.extension.handlers.FastjsonTypeHandler"/>
    </resultMap>

    <select id="getProductHistoryOnOrders" resultMap="getHistory">
        SELECT o.createTime oCreateTime,p.*
        FROM `orders` o  inner join product p on o.product_id = p.id and o.user_id = #{userId}
    </select>

</mapper>