<?xml version="1.0" encoding="UTF-8"?>
<!DOCTYPE mapper PUBLIC "-//mybatis.org//DTD Mapper 3.0//EN" "http://mybatis.org/dtd/mybatis-3-mapper.dtd">
<mapper namespace="com.bryant.mapper.ProductCartMapper">

    <resultMap id="getList" type="com.bryant.model.vo.ProductCart.ProductCartAndProduct">
        <result property="productName" column="product_name"/>
        <result property="image" column="image" javaType="java.util.List" jdbcType="OTHER" typeHandler="com.baomidou.mybatisplus.extension.handlers.FastjsonTypeHandler"/>
        <result property="originalPrice" column="original_price"/>
        <result property="salePrice" column="sale_price"/>
    </resultMap>

    <select id="listProductCart" resultMap="getList">
        SELECT cart.id cartId, cart.user_id userId, p.*,p.user_id proUserId
        FROM `product_cart` cart
                 inner join product p on cart.product_id = p.id where cart.user_id = #{userId} and cart.isDelete = 0
        order by cart.createTime desc
    </select>

    <select id="findProductCartByUserIdAndProductId" resultType="com.bryant.model.ProductCart">
        SELECT *
        FROM product_cart
        WHERE user_id = #{userId} AND product_id = #{productId} and isDelete = 0;
    </select>

</mapper>