<?xml version="1.0" encoding="UTF-8"?>
<!DOCTYPE mapper PUBLIC "-//mybatis.org//DTD Mapper 3.0//EN" "http://mybatis.org/dtd/mybatis-3-mapper.dtd">
<mapper namespace="com.bryant.mapper.ProductAuditsMapper">

    <resultMap id="recordAndAudits" type="com.bryant.model.vo.ProductRecordAndAudits">
        <result property="productId" column="product_id"/>
        <result property="userId" column="user_id"/>
        <result property="auditStatus" column="audit_status"/>
        <result property="auditRemark" column="audit_remark"/>
        <result property="auditTime" column="audit_time"/>
        <result property="productName" column="product_name"/>
        <result property="originalPrice" column="original_price"/>
        <result property="salePrice" column="sale_price"/>
    </resultMap>

    <select id="getProductRecordAndAudits" resultMap="recordAndAudits">
        select * from product_audits au left join product_record re on au.id = re.id
        where re.id is not null
    </select>

</mapper>