<?xml version="1.0" encoding="UTF-8"?>
<!DOCTYPE mapper PUBLIC "-//mybatis.org//DTD Mapper 3.0//EN" "http://mybatis.org/dtd/mybatis-3-mapper.dtd">
<mapper namespace="com.bryant.mapper.ProductMapper">

    <resultMap id="userProductList" type="com.bryant.model.vo.Product.UserProductMerge">
        <result property="productName" column="product_name"/>
        <result property="userId" column="user_id"/>
        <result property="originalPrice" column="original_price"/>
        <result property="salePrice" column="sale_price"/>
        <result property="image" column="image" javaType="java.util.List" jdbcType="OTHER" typeHandler="com.baomidou.mybatisplus.extension.handlers.FastjsonTypeHandler"/>
    </resultMap>

    <select id="getProductPage" resultMap="userProductList">
        SELECT p.*, u.username,u.nickname,u.sex,u.email,u.phone
        FROM `product` p
        LEFT JOIN `user` u ON p.user_id = u.id
        <where>
            <if test="username != null and username != ''">
                u.username like concat('%', #{username} ,'%')
            </if>
            <if test="productName != null and productName != ''">
                and p.product_name like concat('%', #{productName} ,'%')
            </if>
            <if test="category != null and category != ''">
                and p.category = #{category}
            </if>
            <if test="status != null and status != ''">
                and p.status like concat('%', #{status} ,'%')
            </if>
            and p.isDelete = 0 and p.status = 1
        </where>
        <if test="sortField != null and sortField != '' and sortOrder !=null and sortOrder != ''">
            ORDER BY p.${sortField} ${sortOrder == 'ascend' ? 'ASC': 'DESC'}
        </if>
        <if test="sortField == null or sortField == '' or sortOrder == null or sortOrder == ''">
            ORDER BY p.createTime DESC
        </if>
    </select>

    <update id="updateByIdStatus">
        update product set status = 0 where id = #{productId}
    </update>

    <resultMap id="getpro" type="com.bryant.model.Product">
        <result property="salePrice" column="sale_price"/>
    </resultMap>

    <select id="getProduct" resultMap="getpro">
        SELECT * FROM product WHERE id = #{productId} AND user_id = #{userId}
    </select>


</mapper>