<?xml version="1.0" encoding="UTF-8"?>
<!DOCTYPE mapper PUBLIC "-//mybatis.org//DTD Mapper 3.0//EN" "http://mybatis.org/dtd/mybatis-3-mapper.dtd">
<mapper namespace="com.bryant.mapper.UserMapper">

    <resultMap id="getAuditsInfoMap" type="com.bryant.model.vo.Audits.ProductAuditsAndRecordAndUserInfo">
        <result column="userCreateTime" property="userCreateTime"/>
        <result column="auditsId" property="auditsId"/>
        <result column="audit_status" property="auditStatus"/>
        <result column="audit_remark" property="auditRemark"/>
        <result column="audit_time" property="auditTime"/>

        <result column="product_name" property="productName"/>
        <result column="original_price" property="originalPrice"/>
        <result column="sale_price" property="salePrice"/>
        <result column="image" property="image" typeHandler="com.baomidou.mybatisplus.extension.handlers.JacksonTypeHandler"/>
    </resultMap>

    <select id="getAuditsInfoList" resultMap="getAuditsInfoMap">
        SELECT u.id as userId,u.nickname,u.username,u.sex,u.email,u.phone,u.createTime as userCreateTime,
        audits.id as auditsId,audits.audit_status,audits.audit_remark,audits.audit_time,
        record.product_name,record.description,record.image,record.category,
        record.quantity,record.original_price,record.sale_price,record.createTime as productCreateTime
        FROM `product_audits` audits
        INNER JOIN `product_record` record ON audits.product_id = record.id
        inner JOIN `user` u ON u.id = record.user_id
        <where>
            <if test="status != null and status !=''">
                audits.audit_status = #{status}
            </if>
            <if test="currentUser != null and currentUser !=''">
                and u.username = #{currentUser}
            </if>
            <if test="productName !=null and productName != ''">
                and record.product_name like concat('%',#{productName},'%')
            </if>
        </where>
    </select>

</mapper>